epoch,acc,accuracy,loss,precision,recall,val_acc,val_accuracy,val_loss,val_precision,val_recall
0,0.9969040155410767,0.9969040155410767,0.019454514607787132,0.9974173307418823,0.9963880181312561,0.7639175057411194,0.7639175057411194,0.9821816086769104,0.7671517729759216,0.7608247399330139
1,0.9966460466384888,0.9966460466384888,0.01985739730298519,0.9971590638160706,0.9961300492286682,0.7639175057411194,0.7639175057411194,0.9820476174354553,0.7661122679710388,0.7597938179969788
2,0.9961300492286682,0.9961300492286682,0.01977987214922905,0.9966408014297485,0.9950980544090271,0.7618556618690491,0.7618556618690491,0.9825462102890015,0.7661122679710388,0.7597938179969788
3,0.9958720207214355,0.9958720207214355,0.021041549742221832,0.9969000220298767,0.9956140518188477,0.7639175057411194,0.7639175057411194,0.9826847910881042,0.7661122679710388,0.7597938179969788
